,Symbol,Open,High,Low,Close,Volume,Daily Return
2021-09-16,MS,103.5100,104.1700,101.7500,102.47,5881753,
2021-09-17,MS,102.1300,103.8900,101.4100,101.75,17653709,-0.7026446764906824
2021-09-20,MS,98.7500,99.2450,96.8650,98.63,15443775,-3.0663390663390744
2021-09-21,MS,99.4300,99.7300,97.9450,98.3,8985639,-0.33458379803305016
2021-09-22,MS,99.4300,101.8200,99.4300,100.8,9497667,2.5432349949135347
2021-09-23,MS,101.7600,103.9900,101.6000,103.55,6087912,2.7281746031746046
2021-09-24,MS,103.3900,104.1334,102.8100,102.91,5529301,-0.6180589087397381
2021-09-27,MS,103.8500,105.7550,103.8300,105.1,8195185,2.128073073559422
2021-09-28,MS,104.2700,105.9500,101.7200,102.04,14183501,-2.911512844909603
2021-09-29,MS,101.0800,101.6100,99.1100,99.55,11543020,-2.4402195217561817
2021-09-30,MS,100.2300,100.3800,96.2500,97.31,12262040,-2.250125565042682
2021-10-01,MS,97.9300,99.9050,97.0600,99.05,7912712,1.7880998869592046
2021-10-04,MS,99.0500,100.5100,96.9700,97.15,9482132,-1.9182231196365418
2021-10-05,MS,98.2200,99.7300,97.4700,99.2,8850464,2.1101389603705556
2021-10-06,MS,98.2150,99.4600,97.2200,99.1,6912658,-0.10080645161291146
2021-10-07,MS,100.5600,100.9200,98.6900,98.8,7959610,-0.3027245206861706
2021-10-08,MS,99.0200,100.6900,98.3900,100.04,5301079,1.25506072874495
2021-10-11,MS,100.0800,100.6800,97.2100,97.29,7003878,-2.7489004398240757
2021-10-12,MS,97.2900,98.7200,96.6900,97.78,7913336,0.5036488847774745
2021-10-13,MS,98.1200,99.1800,96.6800,98.57,10179995,0.8079361832685539
2021-10-14,MS,101.2200,101.5800,97.8100,101.01,14776644,2.475398194176748
2021-10-15,MS,102.4600,103.2200,101.8500,102.14,11678095,1.1187011187011153
2021-10-18,MS,101.7600,103.9367,100.5500,101.41,8924313,-0.7147053064421427
2021-10-19,MS,101.5500,102.4500,101.2974,101.75,6189542,0.3352726555566621
2021-10-20,MS,101.0800,101.9200,99.9300,100.66,7426858,-1.0712530712530755
2021-10-21,MS,100.3600,101.7500,99.5700,100.28,5931438,-0.3775084442678267
2021-10-22,MS,100.7400,102.2400,100.5700,101.8,6761528,1.5157558835261264
2021-10-25,MS,102.3000,102.7400,101.6600,101.91,3835990,0.1080550098231825
2021-10-26,MS,102.1200,103.9800,101.6900,103.47,7649543,1.5307624374448103
2021-10-27,MS,102.9700,103.8400,101.8250,101.87,7542440,-1.5463419348603402
2021-10-28,MS,101.8900,102.6300,100.8000,102.5,6663048,0.6184352606262822
2021-10-29,MS,102.1100,103.3100,101.9300,102.78,8057123,0.2731707317073173
2021-11-01,MS,103.8900,104.3299,102.6900,104.0,5371666,1.1870013621327002
2021-11-02,MS,103.9300,105.3350,103.3700,104.66,6902607,0.6346153846153779
2021-11-03,MS,104.3900,104.7300,101.8800,102.61,9008963,-1.9587234855723223
2021-11-04,MS,102.2300,102.3050,98.1700,99.79,14823768,-2.7482701491082673
2021-11-05,MS,101.3300,101.9800,99.7250,99.87,8449640,0.08016835354243135
2021-11-08,MS,100.4600,101.8000,99.9650,100.07,7332006,0.2002603384399615
2021-11-09,MS,99.4600,100.3100,98.2800,99.71,8725992,-0.3597481762766086
2021-11-10,MS,98.7400,99.6200,97.7200,97.77,9191535,-1.9456423628522734
2021-11-11,MS,98.0400,99.3100,97.4700,98.88,6249557,1.1353175820803862
2021-11-12,MS,99.2100,99.8900,98.0500,99.85,7239304,0.9809870550161692
2021-11-15,MS,100.0300,100.8000,99.9600,100.21,5652155,0.36054081121681403
2021-11-16,MS,100.0000,101.5600,99.5100,100.69,6448496,0.47899411236402845
2021-11-17,MS,100.5100,100.6300,97.3500,97.68,9670713,-2.9893733240639486
2021-11-18,MS,97.9300,98.2550,96.4900,97.68,6854567,0.0
2021-11-19,MS,96.2200,97.8800,94.9500,96.91,9926343,-0.7882882882882969
2021-11-22,MS,98.2900,100.5300,97.8200,99.32,10430440,2.486843463006916
2021-11-23,MS,100.3100,102.1300,100.1750,101.86,8565613,2.5573902537253446
2021-11-24,MS,101.8400,102.2300,100.1100,101.12,7146439,-0.726487335558601
2021-11-26,MS,98.0500,98.1600,95.8700,97.93,11738164,-3.154667721518989
2021-11-29,MS,99.0400,99.6000,95.9600,97.23,13793367,-0.7147962830593269
2021-11-30,MS,96.4300,96.4994,93.8800,94.82,20586246,-2.4786588501491402
2021-12-01,MS,96.9800,98.6100,95.2600,95.26,11712912,0.46403712296985145
2021-12-02,MS,96.0000,99.7500,95.3017,98.86,10685797,3.7791307999160084
2021-12-03,MS,100.0400,100.8700,96.8500,98.21,9811816,-0.6574954481084472
2021-12-06,MS,100.0000,100.7100,98.8000,99.27,9624515,1.0793198248650882
2021-12-07,MS,100.3700,103.1100,100.3400,102.5,10674400,3.2537523924649925
2021-12-08,MS,102.6600,103.1600,101.2300,101.25,9089682,-1.2195121951219523
2021-12-09,MS,100.7700,101.8200,100.2500,100.58,7749628,-0.6617283950617336
2021-12-10,MS,100.9400,101.2600,98.3800,98.43,10428985,-2.1376019089282106
2021-12-13,MS,98.1500,98.1964,96.8000,97.17,10057149,-1.280097531240476
2021-12-14,MS,96.7500,99.4350,96.5700,98.82,11105853,1.698054955233097
2021-12-15,MS,99.1200,99.8300,97.1300,99.43,7054976,0.6172839506173089
2021-12-16,MS,101.2900,101.4200,99.6600,100.3,7889868,0.8749874283415338
2021-12-17,MS,99.4700,99.5200,96.8100,97.13,20904490,-3.160518444666005
2021-12-20,MS,95.6050,95.8860,94.2100,95.37,11931396,-1.812004530011313
2021-12-21,MS,96.1750,98.5050,96.0700,97.77,8235061,2.516514627241251
2021-12-22,MS,97.6900,98.6800,97.4600,98.3,4798414,0.5420885752275728
2021-12-23,MS,99.0100,99.9700,98.7700,99.34,4482484,1.057985757884028
2021-12-27,MS,99.7200,100.5300,99.1100,100.4,4196192,1.0670424803704393
2021-12-28,MS,100.6000,101.0000,99.5800,99.97,4270288,-0.4282868525896433
2021-12-29,MS,100.0500,100.5100,98.6900,98.73,6923118,-1.240372111633481
2021-12-30,MS,98.8600,99.9700,98.7200,98.8,3564935,0.07090043553124037
2021-12-31,MS,98.7300,99.2100,97.4750,98.16,5113588,-0.6477732793522262
2022-01-03,MS,99.3300,101.4000,99.3000,100.19,8491073,2.0680521597391976
2022-01-04,MS,102.0000,104.6800,101.9800,104.26,8966963,4.06228166483682
2022-01-05,MS,103.7000,105.0300,101.5700,101.68,10288849,-2.4745827738346438
2022-01-06,MS,104.1200,104.2100,100.6200,103.42,10059232,1.7112509834775746
2022-01-07,MS,103.5050,104.5300,102.9300,104.05,6128433,0.6091665055115048
2022-01-10,MS,104.7200,105.1000,102.8300,104.13,8904887,0.07688611244593968
2022-01-11,MS,104.1600,106.0850,103.5800,105.92,7290113,1.7190050897916143
2022-01-12,MS,106.0500,106.4700,102.3500,103.05,10855186,-2.709592145015105
2022-01-13,MS,103.4300,104.3500,102.1400,102.55,6267655,-0.48520135856380264
2022-01-14,MS,99.7500,100.4700,97.3900,98.88,16724934,-3.5787420770355904
2022-01-18,MS,95.9300,96.4400,92.9400,94.01,21564652,-4.925161812297729
2022-01-19,MS,98.0100,98.2500,94.9600,95.73,19628668,1.8295925965322812
2022-01-20,MS,96.6000,101.9600,96.6000,99.83,22637568,4.282878930324863
2022-01-21,MS,98.1400,99.5600,96.3500,98.86,22568319,-0.9716518080737258
2022-01-24,MS,96.0150,98.3200,93.6750,98.08,19532372,-0.7889945377301255
2022-01-25,MS,96.5800,99.8300,95.0100,99.04,16060654,0.978792822185981
2022-01-26,MS,100.1500,101.7500,98.9000,100.17,13344441,1.1409531502423187
2022-01-27,MS,101.3100,102.2250,99.6600,101.15,17846700,0.9783368273934334
2022-01-28,MS,99.1000,101.9200,98.1500,101.8,14044754,0.6426099851705391
2022-01-31,MS,100.9700,102.7350,100.2800,102.54,8467016,0.7269155206286904
2022-02-01,MS,102.9600,104.1000,102.2400,103.95,7885683,1.37507314218841
2022-02-02,MS,103.8000,104.3000,102.3000,103.92,9596278,-0.028860028860033804
2022-02-03,MS,103.6650,104.1000,102.1300,102.29,5986480,-1.5685142417243947
2022-02-04,MS,102.1500,105.0200,102.0700,104.11,7881822,1.779255059145557
2022-02-07,MS,104.0500,106.1800,103.6400,105.18,9129014,1.0277591009509202
2022-02-08,MS,105.9700,107.3200,105.3200,106.35,9248978,1.1123787792355788
2022-02-09,MS,106.9300,109.0836,106.8500,108.73,11054286,2.2378937470616034
2022-02-10,MS,108.1900,109.7300,107.1500,107.57,8116211,-1.0668628713326633
2022-02-11,MS,107.0000,108.3900,103.8200,104.57,9755922,-2.788881658454956
2022-02-14,MS,104.0300,104.5000,101.5950,102.57,11110339,-1.912594434350201
2022-02-15,MS,103.5200,104.3500,102.1200,103.43,6716339,0.8384517890221543
2022-02-16,MS,102.5000,103.0400,100.6700,101.15,10190706,-2.20438944213478
2022-02-17,MS,100.0200,100.2050,95.8900,96.15,15620308,-4.943153732081063
2022-02-18,MS,95.2600,96.0400,93.1100,95.42,16321810,-0.7592303692147695
2022-02-22,MS,94.6800,96.7700,93.9000,94.75,9125237,-0.7021588765457998
2022-02-23,MS,95.6950,95.7200,93.0816,93.55,8722241,-1.2664907651715018
2022-02-24,MS,89.8500,92.1750,88.5300,91.81,18517989,-1.8599679315873807
2022-02-25,MS,92.0700,94.7000,91.6300,94.55,9717430,2.984424354645454
2022-02-28,MS,91.5900,92.2200,89.9200,90.74,17955120,-4.029613960867273
2022-03-01,MS,90.0000,90.0000,86.4900,87.63,18341815,-3.4273749173462598
2022-03-02,MS,88.0600,89.2800,87.0200,88.38,18007474,0.8558712769599408
2022-03-03,MS,89.6800,90.2500,87.0700,87.78,12197080,-0.6788866259334614
2022-03-04,MS,86.2000,86.9000,84.7600,86.36,11961702,-1.6176805650489845
2022-03-07,MS,85.0300,86.0800,83.4200,83.45,12680868,-3.3696155627605306
2022-03-08,MS,83.6300,85.7500,81.9700,83.31,11641190,-0.16776512881965244
2022-03-09,MS,86.2400,88.9900,86.1000,87.4,12994623,4.90937462489498
2022-03-10,MS,85.7700,87.8000,85.0100,85.86,11351592,-1.7620137299771188
2022-03-11,MS,87.1200,87.7600,85.0800,85.18,8568086,-0.7919869555089609
2022-03-14,MS,85.8500,86.7100,84.4700,84.72,8280724,-0.5400328715661096
2022-03-15,MS,85.4500,86.7000,84.5800,86.33,8672396,1.9003777148252965
2022-03-16,MS,88.0100,92.3500,88.0000,91.76,17635945,6.2898181396965125
2022-03-17,MS,90.2000,94.1900,89.9150,93.86,15156783,2.28857890148213
2022-03-18,MS,93.4800,94.9000,92.4200,94.82,16166879,1.0227999147666589
2022-03-21,MS,94.7200,94.9100,92.2100,92.61,8458378,-2.330731913098494
2022-03-22,MS,93.1600,94.6000,92.8700,94.22,7508735,1.7384731670445852
2022-03-23,MS,93.4100,93.9950,91.8900,92.38,7465355,-1.9528762470813033
2022-03-24,MS,92.5500,93.1000,91.8500,92.13,6488269,-0.27062134661182125
2022-03-25,MS,92.4800,93.9700,91.9850,92.38,6508054,0.271355693042441
2022-03-28,MS,92.2800,92.3000,90.1400,91.27,8680764,-1.2015587789564797
2022-03-29,MS,93.3900,93.3900,91.0500,91.84,7431647,0.6245206530075764
2022-03-30,MS,91.8600,91.9400,89.7600,90.27,7289845,-1.7094947735191712
2022-03-31,MS,89.7200,90.1850,87.4000,87.4,8422650,-3.179350836379735
2022-04-01,MS,88.1400,88.5300,85.9100,86.99,8192288,-0.46910755148742433
2022-04-04,MS,86.5400,87.5700,85.8100,87.28,8100797,0.3333716519140273
2022-04-05,MS,86.5500,86.8300,84.9350,85.28,11539763,-2.291475710357471
2022-04-06,MS,84.7200,84.8100,82.7500,83.13,10493228,-2.521106941838658
2022-04-07,MS,82.8800,83.6100,81.4000,83.13,11902941,0.0
2022-04-08,MS,83.5300,84.7650,82.9600,84.06,6937505,1.1187297004691565
2022-04-11,MS,83.5800,85.8162,83.0200,84.02,8290424,-0.047585058291699234
2022-04-12,MS,83.7600,85.9750,83.5400,83.93,8057326,-0.10711735301117686
2022-04-13,MS,82.9300,84.2500,82.7800,84.13,8760293,0.23829381627544777
2022-04-14,MS,86.0100,87.9000,84.5900,84.76,16348369,0.748841079282081
2022-04-18,MS,84.3900,87.1800,84.3200,86.48,7897480,2.0292590844738
2022-04-19,MS,87.0100,89.1100,86.9200,88.91,12637702,2.8098982423681695
2022-04-20,MS,89.6100,91.5800,89.6100,90.61,10983686,1.9120458891013437
2022-04-21,MS,91.5300,92.9300,88.7050,88.91,9563929,-1.8761726078799335
2022-04-22,MS,88.1200,88.2100,84.6300,84.74,11455370,-4.690136092677988
2022-04-25,MS,84.0300,85.3050,82.8886,85.05,11577557,0.36582487609158054
2022-04-26,MS,84.2900,85.2200,82.2800,82.37,9522421,-3.1510875955320317
2022-04-27,MS,82.3800,83.6700,81.8100,82.21,9522873,-0.1942454777224878
2022-04-28,MS,82.7000,83.8500,81.6150,83.4,6980356,1.4475124680696005
2022-04-29,MS,83.0600,83.7400,80.3100,80.59,8097283,-3.369304556354924
2022-05-02,MS,80.5900,82.1400,80.0300,81.96,8737102,1.6999627745377666
2022-05-03,MS,82.4900,84.8100,82.2500,83.75,9430529,2.1839921913128446
2022-05-04,MS,84.0700,87.5300,83.9400,87.22,10298819,4.143283582089552
2022-05-05,MS,85.7500,86.1600,83.4100,84.94,8556545,-2.6140793396010054
2022-05-06,MS,84.1400,84.5700,82.3100,84.23,7333639,-0.8358841535201278
2022-05-09,MS,82.5400,83.2361,80.7200,81.15,11160965,-3.6566543986703004
2022-05-10,MS,82.0100,82.6600,78.7200,80.26,9260978,-1.0967344423906344
2022-05-11,MS,80.0700,82.0600,78.7600,78.89,8060043,-1.7069524046847806
2022-05-12,MS,78.0500,79.5200,76.7500,78.59,10315643,-0.3802763341361315
2022-05-13,MS,79.6000,81.5000,79.4700,80.54,7948037,2.481231708868825
2022-05-16,MS,80.3900,80.9300,78.8500,79.9,5703594,-0.7946362056121203
2022-05-17,MS,81.6400,83.2600,81.3300,82.93,6507098,3.79224030037546
2022-05-18,MS,81.9000,82.2200,80.3200,80.69,5949359,-2.7010731942602284
2022-05-19,MS,79.7300,81.1800,79.5000,79.96,7852845,-0.9046969884744183
2022-05-20,MS,80.6200,81.2100,77.5700,79.37,8705000,-0.7378689344672229
2022-05-23,MS,80.7900,83.3400,80.1000,82.31,7787663,3.704170341438817
2022-05-24,MS,81.8000,82.2200,80.0500,81.96,6225663,-0.42522172275544223
2022-05-25,MS,81.2800,82.8200,81.0000,82.23,6747839,0.3294289897511016
2022-05-26,MS,83.3500,85.5450,83.2400,85.0,8573381,3.3686002675422655
2022-05-27,MS,85.5700,86.4800,84.9200,86.45,6300228,1.7058823529411793
2022-05-31,MS,85.4600,86.8200,84.9250,86.14,10780947,-0.3585887796414111
2022-06-01,MS,86.4400,86.7800,83.7100,85.0,6543886,-1.323426979335962
2022-06-02,MS,85.1800,85.3800,83.6700,85.2,7468726,0.23529411764706687
2022-06-03,MS,84.1700,84.9899,83.6800,84.12,5277061,-1.2676056338028152
2022-06-06,MS,85.2000,86.2800,84.7400,84.87,4022419,0.8915834522111199
2022-06-07,MS,84.1500,85.3950,83.8800,85.33,4514327,0.5420054200542035
2022-06-08,MS,84.5000,85.1300,82.7400,83.2,6787192,-2.496191257470992
2022-06-09,MS,82.7000,82.8772,81.1500,81.16,6956623,-2.4519230769230793
2022-06-10,MS,79.5400,79.7050,76.9500,77.4,9673503,-4.632824051256767
2022-06-13,MS,75.0200,76.2600,74.1400,75.18,10446424,-2.8682170542635665
2022-06-14,MS,75.4200,76.7700,74.2700,74.96,7400304,-0.29263101888802323
2022-06-15,MS,75.8000,77.2000,74.3350,76.02,9273318,1.4140875133404451
2022-06-16,MS,74.0900,74.3600,72.4900,73.95,11068409,-2.722967640094698
2022-06-17,MS,73.8100,74.6200,72.6618,72.9,17285936,-1.4198782961460377
2022-06-21,MS,75.0700,75.2500,74.1550,74.63,8064023,2.3731138545953323
2022-06-22,MS,73.6400,74.9100,73.0900,74.4,6322669,-0.3081870561436273
2022-06-23,MS,74.4100,74.5345,72.2300,73.97,7958010,-0.5779569892473191
2022-06-24,MS,75.6000,78.5500,75.0200,77.82,10795421,5.2048127619305
2022-06-27,MS,78.4000,78.4000,76.9100,77.44,5937556,-0.4883063479825145
2022-06-28,MS,80.3800,81.2200,78.0500,78.16,10282259,0.9297520661156966
2022-06-29,MS,78.2800,79.2900,77.5100,78.19,8534893,0.03838280450358944
2022-06-30,MS,76.5700,76.8300,74.5300,76.06,10182430,-2.724133520910599
2022-07-01,MS,75.7600,77.0500,74.6800,76.75,6017522,0.907178543255327
2022-07-05,MS,75.0600,76.1300,73.6000,76.11,8711032,-0.8338762214983753
2022-07-06,MS,75.7600,76.1700,74.6900,75.45,6895886,-0.8671659440283808
2022-07-07,MS,76.2900,77.2099,76.1250,76.99,6258297,2.0410868124585813
2022-07-08,MS,77.3900,77.5150,76.4000,76.73,5890522,-0.3377061956098104
2022-07-11,MS,75.8600,76.3550,75.2800,75.82,4924469,-1.1859768017724592
2022-07-12,MS,75.2000,77.2600,75.0600,75.94,6558447,0.15826958586124817
2022-07-13,MS,75.2400,75.5000,74.0100,74.98,7780061,-1.2641559125625368
2022-07-14,MS,74.0100,75.0700,72.0500,74.69,13296228,-0.38676980528141724
2022-07-15,MS,75.9400,78.7650,75.6600,78.05,11663864,4.498594189315841
2022-07-18,MS,79.5000,80.4000,78.4200,78.86,11596836,1.0377962844330568
2022-07-19,MS,79.8600,81.9900,79.8300,81.65,9952045,3.5379152929241764
2022-07-20,MS,81.4700,82.2650,80.9400,81.81,7653396,0.1959583588487357
2022-07-21,MS,81.5000,83.1000,81.2200,83.02,9053392,1.4790367925681336
2022-07-22,MS,83.1000,83.5300,81.6600,82.43,6563992,-0.710672127198253
2022-07-25,MS,82.8900,83.1800,82.1200,82.55,6208152,0.14557806623800573
2022-07-26,MS,81.8000,82.5678,80.6300,80.79,7121649,-2.1320411871592837
2022-07-27,MS,81.3900,82.8600,80.9600,82.51,7564109,2.1289763584602106
2022-07-28,MS,81.7600,83.0733,80.9030,82.95,6324785,0.5332686947036702
2022-07-29,MS,82.9700,84.6300,82.9700,84.3,8597690,1.6274864376130127
2022-08-01,MS,83.6600,84.5400,83.0100,84.09,5439166,-0.2491103202846956
2022-08-02,MS,83.3300,84.5899,82.9600,83.53,7684712,-0.665953145439413
2022-08-03,MS,84.6800,85.5900,84.1200,85.05,7043623,1.8197054950317204
2022-08-04,MS,85.2000,85.6500,84.8000,85.36,5722620,0.36449147560257966
2022-08-05,MS,84.9900,86.7100,84.7100,86.13,6219303,0.9020618556700999
2022-08-08,MS,86.7600,87.2200,85.9500,86.03,5720475,-0.11610356437942171
2022-08-09,MS,86.4500,86.8386,85.8700,86.36,4920107,0.3835871207718222
2022-08-10,MS,87.5300,89.6600,87.5000,88.89,7271725,2.929597035664666
2022-08-11,MS,89.9800,90.8400,89.8000,90.2,8808132,1.473731578355264
2022-08-12,MS,90.6200,91.7500,90.0600,91.66,6258966,1.618625277161856
2022-08-15,MS,90.6500,92.2900,90.4600,92.02,7348939,0.39275583678812787
2022-08-16,MS,91.4800,92.2700,91.3350,91.82,5953823,-0.21734405564007853
2022-08-17,MS,90.3900,91.8300,90.3500,91.35,5498971,-0.5118710520583769
2022-08-18,MS,91.1700,92.0000,90.9900,91.73,4664874,0.4159824849480076
2022-08-19,MS,90.6500,90.9200,89.6600,90.01,6264062,-1.875068134743263
2022-08-22,MS,88.4300,88.8600,87.7100,88.46,6452845,-1.722030885457182
2022-08-23,MS,88.4600,89.2500,87.9550,88.3,7487663,-0.1808727108297492
2022-08-24,MS,87.9900,89.0400,87.8100,88.6,5262547,0.3397508493771184
2022-08-25,MS,89.0700,90.1000,88.8000,89.91,4943314,1.4785553047404143
2022-08-26,MS,90.3400,90.4900,86.7200,86.81,7911516,-3.447892336781222
2022-08-29,MS,86.1400,86.4300,85.0600,85.35,7482753,-1.6818338901048335
2022-08-30,MS,86.1400,86.2250,84.2050,84.43,8849365,-1.077914469830099
2022-08-31,MS,84.6100,85.9350,84.0600,85.22,9223063,0.9356863674049309
2022-09-01,MS,84.6700,86.2100,83.3900,86.17,7830778,1.1147617930063358
2022-09-02,MS,87.3600,89.0300,85.7200,86.4,9974419,0.2669142392944135
2022-09-06,MS,86.7500,86.8400,83.1600,85.13,10685282,-1.4699074074074225
2022-09-07,MS,84.3700,87.2599,84.3700,86.86,7592809,2.0321860683660375
2022-09-08,MS,86.5300,88.4900,86.0000,88.44,8446714,1.819019111213449
2022-09-09,MS,89.2200,89.8200,88.8000,89.46,5976902,1.1533242876526462
2022-09-12,MS,90.0000,91.0400,89.8450,90.15,8030811,0.7712944332662675
2022-09-13,MS,88.0100,88.6800,86.8000,87.05,7890747,-3.4387132556849775
2022-09-14,MS,87.5400,88.1100,86.1300,87.18,8341124,0.1493394600804221
2022-09-15,MS,87.3400,89.4600,87.2500,88.26,8883138,1.23881624225739
2022-09-16,MS,87.4000,87.7000,85.5800,87.43,20989113,-0.9404033537276257
2022-09-19,MS,86.1200,89.0200,86.0800,88.72,6011730,1.4754660871554304
2022-09-20,MS,88.1000,88.4500,86.3700,87.19,8092250,-1.724526600541032
2022-09-21,MS,87.9000,89.1500,86.3500,86.36,9707839,-0.9519440302786952
2022-09-22,MS,86.9100,87.2500,84.2700,84.77,8314661,-1.8411301528485469
2022-09-23,MS,83.2800,83.6900,80.2200,81.51,9990495,-3.8457001297628746
2022-09-26,MS,80.9200,81.6600,79.0100,79.76,8495988,-2.1469758311863596
2022-09-27,MS,80.7000,80.8500,78.3500,79.48,6855357,-0.35105315947843163
2022-09-28,MS,79.7600,81.8900,79.6900,81.47,6693458,2.503774534474079
2022-09-29,MS,80.8000,81.0300,79.0300,79.86,5892714,-1.9761875537007478
2022-09-30,MS,79.7700,81.1600,78.8650,79.01,8090918,-1.0643626346105606
2022-10-03,MS,80.0500,80.9800,78.3187,80.38,8169239,1.7339577268699946
2022-10-04,MS,82.2000,84.7400,81.8000,83.97,7875000,4.466285145558602
2022-10-05,MS,82.0250,83.5900,81.3796,83.11,5956520,-1.0241753007026344
2022-10-06,MS,82.4450,83.1900,81.1300,81.31,6434811,-2.1658043556731954
2022-10-07,MS,80.7000,80.7900,78.3750,78.93,7180940,-2.9270692411757393
2022-10-10,MS,79.4400,79.7229,77.8200,78.41,5418033,-0.6588116052198334
2022-10-11,MS,77.9150,78.4100,76.5400,77.0,6271255,-1.7982400204055615
2022-10-12,MS,76.9900,77.8000,76.3300,76.6,6411627,-0.5194805194805308
2022-10-13,MS,74.9800,79.6600,74.6700,79.32,11811472,3.5509138381200955
2022-10-14,MS,77.2300,79.0600,74.8300,75.3,13663675,-5.068078668683807
2022-10-17,MS,76.8050,78.2400,76.3250,77.14,11412355,2.443559096945558
2022-10-18,MS,79.8000,80.5900,78.3800,79.44,9767807,2.9815919108115096
2022-10-19,MS,79.1500,79.5900,77.3700,77.64,7429611,-2.26586102719033
2022-10-20,MS,77.6300,78.5400,76.1400,76.6,7638235,-1.3395157135497215
2022-10-21,MS,76.6100,79.5300,76.2200,79.22,8148977,3.420365535248049
2022-10-24,MS,79.5300,81.1000,78.5700,79.43,8143314,0.2650845746023922
2022-10-25,MS,78.6100,80.6700,78.6100,80.51,8173623,1.3596877753997205
2022-10-26,MS,80.6000,82.0500,80.5800,80.91,7733582,0.496832691591087
2022-10-27,MS,82.0000,82.4800,80.6000,80.69,6466355,-0.2719070572240745
2022-10-28,MS,80.2700,82.2950,79.5100,82.22,7816061,1.8961457429669037
2022-10-31,MS,81.7700,83.3600,81.6950,82.17,9087417,-0.06081245439065741
2022-11-01,MS,83.2500,83.9700,82.9850,83.72,8195594,1.8863332116344056
2022-11-02,MS,83.4500,86.7200,83.4200,84.37,10908368,0.7763975155279601
2022-11-03,MS,83.0600,84.6250,82.5500,83.62,6447213,-0.8889415669076639
2022-11-04,MS,85.1500,85.7500,84.0000,84.85,6929939,1.4709399665151723
2022-11-07,MS,85.5200,86.1300,85.1100,85.57,4599606,0.8485562757807985
2022-11-08,MS,85.6100,86.2300,84.5068,85.28,4850471,-0.33890382143273445
2022-11-09,MS,84.8800,85.3400,83.1900,83.45,5200773,-2.1458724202626622
2022-11-10,MS,86.6900,88.9800,86.5200,88.8,10013851,6.411024565608137
2022-11-11,MS,89.0000,91.6914,89.0000,90.78,9119091,2.2297297297297236
2022-11-14,MS,90.2700,91.3600,89.7858,89.81,4873524,-1.0685172945582688
2022-11-15,MS,91.0700,91.8593,89.3600,90.5,7336133,0.7682886092862606
2022-11-16,MS,90.4700,90.4700,89.0600,89.82,4368584,-0.7513812154696153
2022-11-17,MS,88.6900,89.1200,87.5100,88.95,4967646,-0.9686038744154857
2022-11-18,MS,90.2700,90.3700,88.5900,89.2,5450715,0.28105677346823565
2022-11-21,MS,89.0600,89.6800,88.5700,89.08,4667333,-0.1345291479820654
2022-11-22,MS,89.5900,90.1900,89.3000,89.67,3804207,0.6623259991019426
2022-11-23,MS,89.7200,90.4500,89.6700,89.93,4961375,0.28995204639232774
2022-11-25,MS,89.6500,91.0799,89.4700,90.91,2450129,1.0897364616924143
2022-11-28,MS,90.2000,91.1000,89.7000,89.89,6147890,-1.121988780112193
2022-11-29,MS,89.6400,91.4696,89.6000,91.08,5307067,1.3238402491934531
2022-11-30,MS,91.2800,93.2500,89.1300,93.07,10520622,2.1848924022837
2022-12-01,MS,93.0600,93.4900,92.0400,93.0,7310493,-0.07521220586654831
2022-12-02,MS,91.8600,92.6600,91.5100,92.1,5198046,-0.967741935483879
2022-12-05,MS,91.4800,91.7200,89.0850,89.81,8272542,-2.4864277958740466
2022-12-06,MS,89.6200,89.7600,86.4100,87.51,10424660,-2.560962030954228
2022-12-07,MS,86.8200,88.0300,86.7100,87.28,7066928,-0.26282710547366195
2022-12-08,MS,87.6750,88.7898,87.0000,88.69,6141438,1.61549037580202
2022-12-09,MS,88.6800,89.7600,88.3700,89.47,6488330,0.8794678092231445
2022-12-12,MS,89.0100,91.3250,88.2800,91.12,7496298,1.8441935844417223
2022-12-13,MS,93.6600,95.1600,92.0700,92.71,10330522,1.7449517120280866
2022-12-14,MS,92.5100,92.6800,89.8700,90.5,7704625,-2.38377737029446
2022-12-15,MS,89.1500,89.1900,86.9200,87.79,8795656,-2.994475138121544
2022-12-16,MS,86.5300,86.8700,85.8300,86.86,17262199,-1.0593461669894166
2022-12-19,MS,86.7400,87.0400,84.9550,85.55,5129600,-1.50817407322128
2022-12-20,MS,85.9200,86.4520,85.1350,85.16,5206789,-0.4558737580362404
2022-12-21,MS,86.4100,87.8150,86.3500,86.87,5422645,2.007984969469234
2022-12-22,MS,86.5800,86.5800,84.7700,86.37,5635293,-0.5755726948313611
2022-12-23,MS,86.3300,86.5800,85.3500,86.11,3316076,-0.30103045038787357
2022-12-27,MS,86.3600,86.3600,84.9400,85.06,7064695,-1.2193705725235149
2022-12-28,MS,84.9600,85.2100,84.0600,84.46,3714932,-0.7053844345168203
2022-12-29,MS,84.9600,85.5869,84.5600,85.24,3461779,0.9235140895098359
2022-12-30,MS,84.6950,85.2033,84.1750,85.02,4455649,-0.25809479117785417
2023-01-03,MS,85.6350,86.6000,84.9800,85.72,5108896,0.8233356857210161
2023-01-04,MS,85.5500,87.3500,85.1750,86.65,7726771,1.084927671488578
2023-01-05,MS,85.9000,86.1674,84.8300,85.92,5339886,-0.8424697057126451
2023-01-06,MS,86.4400,87.9600,85.7100,87.56,5710882,1.9087523277467433
2023-01-09,MS,88.2450,88.9125,87.4100,87.64,5039731,0.0913659205116435
2023-01-10,MS,87.5500,88.9300,86.8400,88.92,4536581,1.460520310360569
2023-01-11,MS,89.3700,89.8100,88.8500,89.43,6122565,0.5735492577597867
2023-01-12,MS,90.0200,91.8100,89.3500,90.53,7895610,1.2300123001229846
2023-01-13,MS,89.0300,91.9800,88.2700,91.66,8414580,1.2482050149121848
2023-01-17,MS,95.9000,99.1000,95.0000,97.08,27914269,5.913157320532414
2023-01-18,MS,96.8000,97.9500,96.3350,96.58,14134783,-0.5150391429748713
2023-01-19,MS,94.6100,94.9800,92.9400,94.15,13457057,-2.5160488714019436
2023-01-20,MS,94.1300,96.2800,93.8800,96.24,10785021,2.2198619224641503
2023-01-23,MS,95.8700,97.2200,95.4900,97.13,8735303,0.9247714048212785
2023-01-24,MS,96.2800,96.8100,92.9200,95.51,4801600,-1.6678678060331409
2023-01-25,MS,94.8800,95.9300,94.4400,95.64,5890824,0.13611140194742521
2023-01-26,MS,96.2200,96.5400,95.3110,96.5,6085149,0.8992053534086164
2023-01-27,MS,96.4100,97.4300,95.7100,96.86,7990773,0.3730569948186435
2023-01-30,MS,95.0300,96.6100,94.9200,95.96,5870122,-0.9291761304976331
2023-01-31,MS,96.2900,97.3700,95.7644,97.33,7182140,1.4276781992496934
2023-02-01,MS,96.9500,99.0600,96.9300,98.19,9815157,0.8835919038323148
2023-02-02,MS,98.8800,100.2700,97.9610,99.21,11119120,1.038802322028709
2023-02-03,MS,98.2400,100.1800,98.0700,99.43,6948744,0.2217518395323248
2023-02-06,MS,98.4500,99.2000,98.0700,98.9,4737920,-0.533038318414969
2023-02-07,MS,98.7700,99.8200,98.0500,99.22,5060742,0.3235591506572266
2023-02-08,MS,98.3200,99.9400,98.0600,98.96,4705165,-0.2620439427534871
2023-02-09,MS,99.2200,99.8000,97.7300,98.05,4983759,-0.9195634599838298
2023-02-10,MS,97.5900,98.5957,97.5600,98.44,5224866,0.3977562468128415
2023-02-13,MS,98.4600,99.7600,98.1600,99.43,4910305,1.005688744412847
2023-02-14,MS,99.0500,100.9900,98.9700,100.56,7679595,1.1364779241677558
2023-02-15,MS,99.5100,100.9600,99.5000,100.83,6464739,0.2684964200477369
2023-02-16,MS,99.7800,100.2400,98.8100,99.57,6051808,-1.2496280868789067
2023-02-17,MS,98.9000,100.0200,98.3000,99.51,8133018,-0.060259114191008045
2023-02-21,MS,98.4600,99.0000,97.1750,97.62,6555987,-1.8993066023515248
2023-02-22,MS,97.3700,98.0700,96.6200,97.27,5072435,-0.35853308748208246
2023-02-23,MS,97.8800,98.4200,96.7000,97.94,5916140,0.6888043590007165
2023-02-24,MS,97.1500,97.9800,96.6100,97.7,5414234,-0.24504798856441745
2023-02-27,MS,98.4100,98.4750,96.5800,96.7,5644988,-1.0235414534288667
2023-02-28,MS,97.1200,97.2900,96.2600,96.5,6745415,-0.20682523267838704
2023-03-01,MS,95.9600,96.7600,95.2600,96.19,5429605,-0.32124352331606154
2023-03-02,MS,95.4500,96.3650,94.4800,96.08,4632427,-0.1143570017673401
2023-03-03,MS,96.5500,98.4400,96.4500,98.33,6503978,2.3417985012489595
2023-03-06,MS,98.4400,99.2000,98.0950,98.38,5215218,0.05084918132818306
2023-03-07,MS,98.0000,98.2600,95.9700,96.06,5461447,-2.3582028867655924
2023-03-08,MS,95.6400,96.5000,95.3550,95.9,4121280,-0.16656256506349942
2023-03-09,MS,95.3600,95.9500,91.7700,92.2,9162448,-3.858185610010434
2023-03-10,MS,91.7700,93.0100,89.2300,90.05,16206513,-2.331887201735361
2023-03-13,MS,88.5400,90.1800,86.6500,87.99,15175427,-2.2876179900055527
2023-03-14,MS,92.4100,92.4100,89.1200,89.97,11089331,2.2502557108762478
2023-03-15,MS,86.9300,87.0200,83.6822,85.39,14813963,-5.09058575080582
2023-03-16,MS,84.5500,88.2800,83.2800,87.01,15346041,1.897177655463178
2023-03-17,MS,86.4900,86.5000,83.6980,84.18,19935825,-3.252499712676704
2023-03-20,MS,84.6000,86.3100,84.3700,85.64,8649790,1.734378712283191
2023-03-21,MS,88.2300,89.1800,88.0000,88.76,8905571,3.643157403082675
2023-03-22,MS,88.7500,90.0800,87.4550,87.55,7299329,-1.363226678684104
2023-03-23,MS,87.9500,88.8000,85.2400,85.84,9373008,-1.9531696173615054
2023-03-24,MS,84.5100,84.5100,81.7200,83.95,10980466,-2.2017707362534944
2023-03-27,MS,86.0600,86.3200,84.3600,84.64,6626883,0.8219178082191858
2023-03-28,MS,84.5600,85.1700,83.9300,84.88,5210115,0.2835538752362865
2023-03-29,MS,85.9300,86.3500,85.3500,86.24,4873532,1.602262016965117
2023-03-30,MS,87.2600,87.6100,85.4600,86.11,4113653,-0.1507421150278243
2023-03-31,MS,86.8000,87.8700,86.1700,87.8,6142357,1.9626059691092657
2023-04-03,MS,87.9500,88.3200,86.6700,87.16,7728626,-0.7289293849658374
2023-04-04,MS,87.0000,87.2000,84.2600,84.82,6222831,-2.684717760440569
2023-04-05,MS,83.8300,84.5300,83.2000,83.82,6045396,-1.1789672247111582
2023-04-06,MS,83.9000,84.4000,83.2100,84.19,3877838,0.44142209496540463
2023-04-10,MS,83.9500,84.3600,83.4300,84.0,6186004,-0.22568000950231593
2023-04-11,MS,84.2900,85.7600,84.1300,85.09,5582071,1.2976190476190474
2023-04-12,MS,85.5100,86.0200,84.7900,85.47,4641952,0.4465859677987849
2023-04-13,MS,85.3900,85.7800,84.4400,85.69,5086018,0.2574002574002643
2023-04-14,MS,86.4300,87.4000,86.0000,86.71,7865921,1.1903372622242836
2023-04-17,MS,86.6600,89.3100,86.2700,89.29,8846149,2.9754353592434724
2023-04-18,MS,89.1300,90.5400,88.7400,89.85,10227555,0.6271698958449923
2023-04-19,MS,87.1409,90.7000,86.5000,90.45,13886156,0.6677796327212215
2023-04-20,MS,89.8500,91.8200,89.7200,90.43,6776077,-0.022111663902701917
2023-04-21,MS,90.4800,91.3400,89.1700,91.12,6530957,0.7630211213093041
2023-04-24,MS,91.2300,91.4800,89.5500,90.2,5004416,-1.0096575943810415
2023-04-25,MS,89.6400,89.8300,87.8850,88.06,5806698,-2.3725055432372466
2023-04-26,MS,88.1500,89.7900,87.9100,88.44,6407879,0.4315239609357313
2023-04-27,MS,89.4100,90.9600,88.8850,90.26,6375752,2.0578923563998375
2023-04-28,MS,89.4500,90.3300,89.1550,89.97,6374592,-0.32129403944162194
2023-05-01,MS,90.1900,90.5200,87.8300,87.93,7745447,-2.267422474158043
2023-05-02,MS,87.5700,87.5700,85.3300,86.29,6319059,-1.865119981803709
2023-05-03,MS,86.4000,87.1800,84.5650,84.75,6546482,-1.7846795688955863
2023-05-04,MS,84.1700,84.4500,81.6100,82.61,10359176,-2.5250737463126893
2023-05-05,MS,83.7900,85.0200,83.6200,84.88,8287968,2.7478513497155355
2023-05-08,MS,85.4800,85.5700,84.3200,84.43,5825326,-0.5301602262016814
2023-05-09,MS,84.0000,84.9050,83.6950,84.37,4381352,-0.07106478739784539
2023-05-10,MS,85.0700,85.2200,82.8000,83.72,4884945,-0.7704160246533198
2023-05-11,MS,82.7800,82.8200,81.6200,82.63,6717818,-1.301958910654566
2023-05-12,MS,83.0000,83.2700,81.6700,82.39,5208882,-0.2904514098995503
2023-05-15,MS,82.6700,83.3800,82.2486,82.95,5032104,0.679694137638065
2023-05-16,MS,82.7200,83.0700,81.8100,81.86,6866966,-1.3140446051838506
2023-05-17,MS,82.5350,83.9200,82.5000,83.91,8216745,2.504275592474947
2023-05-18,MS,83.7000,84.5500,83.0200,84.49,5367747,0.691216779883197
2023-05-19,MS,83.7900,84.4200,82.2300,82.24,11183550,-2.6630370458042396
2023-05-22,MS,82.2500,83.1600,81.9050,82.27,5519979,0.036478599221800856
2023-05-23,MS,82.0000,83.5700,81.8900,82.64,5521191,0.4497386653701252
2023-05-24,MS,82.0100,82.2300,80.7400,81.22,6827807,-1.718296224588578
2023-05-25,MS,81.2100,83.1300,80.9800,83.0,6962803,2.191578428958385
2023-05-26,MS,82.9700,84.6400,82.8300,83.9,7411581,1.0843373493975905
2023-05-30,MS,84.1600,84.5700,83.1100,83.42,5876752,-0.5721096543504167
2023-05-31,MS,83.0600,83.2750,81.1300,81.76,9218538,-1.9899304723087985
2023-06-01,MS,82.5800,82.8400,81.4700,82.07,6857451,0.3791585127201458
2023-06-02,MS,82.9400,84.6800,82.9400,84.35,6218489,2.7781162422322314
2023-06-05,MS,84.4000,84.7295,83.2200,83.74,6631869,-0.7231772377000567
2023-06-06,MS,83.6000,86.2300,83.2700,85.86,6903876,2.5316455696202667
2023-06-07,MS,86.0500,87.0100,85.7800,86.5,7410772,0.7453994875378456
2023-06-08,MS,86.4000,86.9100,85.1800,86.31,6796210,-0.21965317919074856
2023-06-09,MS,86.7400,86.9585,85.6600,86.21,6284031,-0.11586142973005753
2023-06-12,MS,86.2000,87.6350,86.0100,87.44,7055035,1.42674863704908
2023-06-13,MS,87.8400,88.9800,87.5900,88.28,6089183,0.9606587374199504
2023-06-14,MS,88.6000,89.4900,87.6400,87.98,5772521,-0.33982782057090377
2023-06-15,MS,87.6300,89.3250,87.4000,89.05,8603207,1.2161854967037922
2023-06-16,MS,89.6200,89.6500,87.9400,88.09,13153082,-1.078046041549685
2023-06-20,MS,87.1000,87.2100,86.2500,86.73,7384929,-1.543875581791354
2023-06-21,MS,86.5600,87.2800,86.3000,86.34,6343133,-0.4496713939813213
2023-06-22,MS,85.5200,85.6300,84.3550,84.5,6214845,-2.131109566828815
2023-06-23,MS,83.2600,83.9150,82.6000,83.58,10026628,-1.0887573964497022
2023-06-26,MS,83.5600,84.2400,83.2450,83.59,6377449,0.011964584828905167
2023-06-27,MS,83.9100,84.8700,83.3750,84.43,6639866,1.00490489292977
2023-06-28,MS,84.5400,84.5600,83.6400,83.99,4781571,-0.5211417742508773
2023-06-29,MS,85.3400,86.0600,84.6300,85.24,9066524,1.488272413382541
2023-06-30,MS,86.0200,86.4900,85.4000,85.4,6191660,0.18770530267482322
2023-07-03,MS,86.3400,87.6550,85.8400,86.41,5839318,1.1826697892271643
2023-07-05,MS,85.9500,86.2750,85.3500,85.92,6735040,-0.5670639972225389
2023-07-06,MS,84.8500,84.9200,83.0200,83.33,8551212,-3.0144320297951666
2023-07-07,MS,83.0100,84.0350,82.9000,83.36,8217718,0.03600144005759809
2023-07-10,MS,83.4200,84.3900,83.1800,83.4,6141199,0.047984644913645624
2023-07-11,MS,83.9000,85.4300,83.6200,84.96,11057708,1.870503597122286
2023-07-12,MS,86.6800,87.7100,85.6000,85.77,8602310,0.9533898305084776
2023-07-13,MS,86.2300,86.6400,85.7400,86.21,6026483,0.5129998834091154
2023-07-14,MS,87.4100,87.4200,85.5600,85.78,7732694,-0.498782043846413
2023-07-17,MS,85.6800,86.9000,85.6800,86.37,7911753,0.6878060153882037
2023-07-18,MS,87.5400,92.5600,87.1000,91.94,21633927,6.448998494847746
2023-07-19,MS,91.4300,93.8600,91.3300,93.16,12004302,1.3269523602349453
2023-07-20,MS,93.1100,94.1400,92.8600,93.8,9541752,0.6869901245169618
2023-07-21,MS,94.2700,94.4000,93.0600,94.01,6298629,0.2238805970149249
2023-07-24,MS,94.0100,95.4000,93.7000,94.67,7259773,0.7020529730879632
2023-07-25,MS,94.7000,95.5700,94.4100,94.42,7760115,-0.2640752086194187
2023-07-26,MS,94.4000,95.1500,93.2850,93.54,7201113,-0.9320059309468331
2023-07-27,MS,93.6500,94.7100,92.5500,92.75,8427846,-0.8445584776566206
2023-07-28,MS,92.4600,92.6000,91.0900,91.57,5799077,-1.2722371967655022
2023-07-31,MS,91.8950,92.1950,91.0400,91.56,5245689,-0.010920607185749276
2023-08-01,MS,91.2000,91.4300,90.6300,90.94,4468883,-0.6771515945827922
2023-08-02,MS,89.5200,90.1400,88.7900,89.32,6412103,-1.7813943259291865
2023-08-03,MS,88.8400,89.5200,88.5100,89.14,5139385,-0.20152261531570792
2023-08-04,MS,89.3500,90.0500,88.5200,88.79,6191970,-0.3926407897688944
2023-08-07,MS,89.4500,89.7100,88.9800,89.08,4663330,0.3266133573600616
2023-08-08,MS,87.8500,88.5200,86.2550,88.47,6921211,-0.6847777278850442
2023-08-09,MS,88.4700,89.0050,87.4701,87.56,5200499,-1.0285972646094654
2023-08-10,MS,87.9100,88.9300,87.3200,87.64,4250083,0.0913659205116435
2023-08-11,MS,87.0600,88.2000,87.0200,87.7,3922388,0.0684618895481437
2023-08-14,MS,86.9600,87.4000,86.5200,87.33,3637483,-0.4218928164196223
2023-08-15,MS,86.4100,86.4700,85.7200,86.16,9308838,-1.3397457918241207
2023-08-16,MS,85.7400,86.7900,85.5900,85.99,5746330,-0.19730733519034427
2023-08-17,MS,86.6000,86.9000,85.2000,85.79,7611216,-0.23258518432374142
2023-08-18,MS,84.9600,86.3000,84.7050,84.89,6649991,-1.0490733185686052
2023-08-21,MS,85.0200,85.3148,83.6600,84.25,5385313,-0.7539168335492952
2023-08-22,MS,84.7100,84.7700,82.8400,82.98,6003306,-1.5074183976261035
2023-08-23,MS,83.0000,83.7200,82.8800,83.39,5878557,0.49409496264158914
2023-08-24,MS,83.1700,84.7500,83.1000,83.44,5022983,0.05995922772514817
2023-08-25,MS,83.6900,84.1500,82.7400,83.22,5461558,-0.2636625119846636
2023-08-28,MS,83.8000,84.8700,83.7700,84.38,6439847,1.3938956981494721
2023-08-29,MS,84.4100,85.5900,84.3200,85.55,6212322,1.386584498696375
2023-08-30,MS,85.6200,86.0000,85.0300,85.26,5051894,-0.3389830508474523
2023-08-31,MS,85.6700,85.6700,84.7600,85.15,5581217,-0.12901712409101318
2023-09-01,MS,86.0000,86.4500,85.2850,85.75,4981833,0.7046388725777897
2023-09-05,MS,85.8400,86.2700,84.8100,84.84,4919403,-1.0612244897959089
2023-09-06,MS,84.2800,84.7500,83.3500,84.16,5383994,-0.8015087223008144
2023-09-07,MS,83.9900,84.8700,83.7800,83.84,5504154,-0.3802281368821214
2023-09-08,MS,84.1500,84.9500,83.6600,84.92,6131023,1.288167938931295
2023-09-11,MS,85.3800,85.6700,83.3500,83.51,7780929,-1.6603862458784646
2023-09-12,MS,83.3400,86.5300,83.2300,85.55,8942608,2.4428212190156673
2023-09-13,MS,86.1500,87.8000,86.1500,87.25,10617384,1.9871420222092429
2023-09-14,MS,88.0800,89.1050,87.9200,89.07,8109570,2.085959885386801
2023-09-15,MS,88.1850,88.7300,87.9400,88.41,17629508,-0.7409902324014728
2023-09-18,MS,88.5700,89.0500,87.5500,88.71,5501891,0.3393281303019968
2023-09-19,MS,88.7800,89.4700,87.9400,88.51,5769369,-0.22545372562280397
2023-09-20,MS,88.8300,89.1500,87.0600,87.14,5269810,-1.547847700824767
2023-09-21,MS,86.3400,86.5100,84.8300,84.88,6935603,-2.59352765664449
2023-09-22,MS,85.2300,85.2300,83.0050,83.29,7421222,-1.873232799245983
2023-09-25,MS,82.6300,83.2800,82.3000,83.03,4748891,-0.3121623244086935
2023-09-26,MS,82.0800,82.7721,81.7214,82.17,5557145,-1.0357702035408867
2023-09-27,MS,82.4100,82.6100,81.0900,81.65,5708017,-0.6328343677741266
2023-09-28,MS,81.4800,82.5450,81.4500,82.19,5665377,0.6613594611144968
2023-09-29,MS,83.0100,83.0900,81.0250,81.67,6830468,-0.6326803747414456
2023-10-02,MS,81.1000,81.4650,79.9000,80.41,6722197,-1.5427941716664728
2023-10-03,MS,79.5800,79.8400,77.8300,78.02,7526845,-2.972267130953865
2023-10-04,MS,78.1000,79.2900,77.6100,79.09,6848690,1.371443219687274
2023-10-05,MS,78.4800,79.5400,78.0191,79.15,5589440,0.07586294095334178
2023-10-06,MS,78.7200,80.7850,78.4000,80.33,6306443,1.4908401768793267
2023-10-09,MS,79.6000,80.0850,78.9320,79.91,5125005,-0.5228432715050468
2023-10-10,MS,80.2500,81.1100,80.0150,80.13,6245362,0.27530972343887683
2023-10-11,MS,79.9100,80.2100,78.7100,78.9,8928687,-1.5350056158741965
2023-10-12,MS,78.8700,78.8700,77.2900,77.81,11654571,-1.3814955640050752
2023-10-13,MS,78.2000,79.2300,77.3400,77.79,6445763,-0.025703637064644624
2023-10-16,MS,78.7900,79.1800,77.8725,78.73,7901524,1.2083815400437015
2023-10-17,MS,77.9900,80.6300,77.9800,80.33,12324802,2.032262161818865
2023-10-18,MS,76.4300,77.0700,73.4000,74.88,34732276,-6.784513880243992
2023-10-19,MS,74.8700,76.4600,72.8850,72.92,17486091,-2.6175213675213582
2023-10-20,MS,73.1200,73.9990,72.3500,73.13,11270642,0.2879868348875325
2023-10-23,MS,72.7300,72.8700,71.2400,71.7,12847139,-1.9554218514973187
2023-10-24,MS,71.7500,72.1000,71.0800,71.56,9265496,-0.19525801952580135
2023-10-25,MS,71.2500,71.9000,71.1250,71.4,8461712,-0.22358859698154987
2023-10-26,MS,71.4700,72.6899,71.4000,72.07,10903206,0.9383753501400305
2023-10-27,MS,71.9100,72.0100,70.1900,70.4,11099143,-2.3171916192590403
2023-10-30,MS,70.0500,70.8900,69.4200,70.59,9769591,0.2698863636363624
2023-10-31,MS,70.7700,71.0200,70.2700,70.82,8949027,0.3258251877036322
2023-11-01,MS,71.1700,71.9100,70.7000,70.95,9429031,0.18356396498164784
2023-11-02,MS,71.6800,73.5300,71.6500,73.46,11638022,3.537702607470039
2023-11-03,MS,74.5900,76.6800,74.5400,76.26,14951094,3.811598148652351
2023-11-06,MS,76.6800,76.7600,75.3650,75.92,8140533,-0.44584316810910574
2023-11-07,MS,75.8600,76.1700,74.9300,75.51,7657721,-0.5400421496311814
2023-11-08,MS,75.4500,76.1900,75.0550,75.97,8075195,0.6091908356508968
2023-11-09,MS,75.6800,76.0700,73.9600,74.19,9497201,-2.343030143477687
2023-11-10,MS,74.6600,75.3900,74.0500,75.33,8927940,1.5365952284674522
